category,field,description,application,futureImpact,color
"Fundamental Sciences","Sedimentology","Studies sediment formation, transport, and deposition","Reconstructs ancient environments from rock records, predicts reservoir quality for oil/water storage","Enables accurate climate reconstructions and optimizes subsurface storage for carbon capture and water resources","#8B7355"
"Fundamental Sciences","Stratigraphy","Analyzes rock layers and geological time sequences","Correlates rock units globally, establishes geological timescales, maps subsurface for resources","Provides temporal framework for understanding Earth's history and predicting future geological changes","#8B7355"
"Fundamental Sciences","Mineralogy","Identifies mineral composition and crystallographic properties","Discovers new materials for electronics, batteries, and industrial applications from natural minerals","Accelerates development of critical technology minerals and sustainable material alternatives","#8B7355"
"Fundamental Sciences","Petrology","Studies rock formation, classification, and evolution","Determines conditions of rock formation, guides exploration for ore deposits and geothermal resources","Reveals Earth's internal processes to predict volcanic activity and locate energy resources","#8B7355"
"Fundamental Sciences","Geochemistry","Analyzes chemical composition and reactions in Earth materials","Traces pollutant sources, dates rocks, models planetary formation and differentiation","Monitors environmental contamination and validates climate models through geochemical proxies","#8B7355"
"Fundamental Sciences","Tectonics","Studies plate movements, fault systems, and mountain building","Maps earthquake zones, predicts volcanic arcs, explains resource distribution along plate boundaries","Forecasts long-term seismic hazards and identifies geothermal energy hotspots from plate motion","#8B7355"
"Fundamental Sciences","Geochronology","Determines absolute ages of rocks and geological events","Dates volcanic eruptions, meteorite impacts, and evolutionary milestones with radiometric methods","Establishes timelines for climate change, extinction events, and landscape evolution","#8B7355"
"Fundamental Sciences","Paleontology","Studies ancient life through fossil records","Reconstructs past ecosystems, tracks evolutionary patterns, indicates past climates","Shows how life adapted to past climate changes, informing modern conservation strategies","#8B7355"
"Earth Dynamics & Hazards","Volcanology","Monitors volcanic systems and eruption mechanisms","Predicts eruptions using gas emissions and seismic data, evacuates populations days before disasters","Prevents thousands of deaths through early warning systems in volcanic regions worldwide","#FF6B35"
"Earth Dynamics & Hazards","Seismology","Studies earthquakes and seismic wave propagation","Installs earthquake early warning networks providing 30-90 seconds warning before shaking","Automatically stops trains, closes gas lines, saving thousands of lives during major earthquakes","#FF6B35"
"Earth Dynamics & Hazards","Glaciology","Tracks ice sheet dynamics and glacier behavior","Models sea level rise scenarios from ice sheet collapse, monitors freshwater reserves in glaciers","Informs coastal city adaptation strategies for 40% of humanity living near coasts","#FF6B35"
"Earth Dynamics & Hazards","Geomorphology","Maps landform evolution and surface processes","Identifies landslide-prone slopes and safe building zones in mountainous regions","Prevents infrastructure collapse and protects communities from mass wasting hazards","#FF6B35"
"Earth Dynamics & Hazards","Coastal Geology","Studies shoreline erosion and coastal dynamics","Designs natural barriers like dunes and wetlands to protect communities from storm surges","Protects coastal populations from rising seas without concrete walls, preserving ecosystems","#FF6B35"
"Earth Dynamics & Hazards","Planetary Geology","Analyzes geology of other planets and moons","Locates water ice deposits on Mars and the Moon for human settlement","Enables future space resource utilization and permanent human presence beyond Earth","#FF6B35"
"Earth Dynamics & Hazards","Geophysics","Uses physical methods to image Earth's subsurface","Scans subsurface without drilling to find hidden aquifers in drought regions","Provides drinking water access for remote communities without expensive exploratory drilling","#FF6B35"
"Earth Dynamics & Hazards","Structural Geology","Maps rock deformation, faults, and folds","Determines safe routes for tunnels, pipelines, and determines fault activity","Prevents catastrophic infrastructure failures by avoiding active fault zones","#FF6B35"
"Resources & Energy","Petroleum Geology","Identifies subsurface hydrocarbon reservoirs","Now repurposed for hydrogen storage and CO2 injection sites in depleted reservoirs","Transitions fossil fuel expertise to clean energy storage and carbon sequestration","#F4A460"
"Resources & Energy","Mining Geology","Locates and characterizes mineral ore deposits","Supplies lithium, cobalt, and rare earths for batteries and renewable technology","Enables electric vehicle revolution and grid-scale energy storage systems","#F4A460"
"Resources & Energy","Geothermal Energy","Maps underground heat sources and reservoir potential","Designs power plants extracting Earth's internal heat for electricity generation","Provides 24/7 renewable baseload power without weather dependency","#F4A460"
"Resources & Energy","Hydrogeology","Tracks groundwater flow and aquifer systems","Manages aquifer recharge to sustain water supplies during prolonged droughts","Ensures water security for agriculture and cities in water-stressed regions","#F4A460"
"Resources & Energy","Critical Minerals","Identifies deposits of technology-essential elements","Secures supply chains for wind turbines, solar panels, and electric motors","Enables renewable energy transition by providing necessary raw materials","#F4A460"
"Resources & Energy","Economic Geology","Assesses ore body economics and extraction feasibility","Determines sustainable extraction rates balancing profit with environmental protection","Optimizes resource use while minimizing ecological footprint of mining","#F4A460"
"Resources & Energy","Hydrogen Storage","Maps porous rock formations for hydrogen fuel storage","Stores hydrogen underground for seasonal renewable energy balancing","Solves intermittency problem of solar and wind power through long-term storage","#F4A460"
"Resources & Energy","Nuclear Waste Disposal","Analyzes geological stability over millennia","Selects repositories in stable rock formations for radioactive waste isolation","Isolates nuclear waste from biosphere for 100,000+ years protecting future generations","#F4A460"
"Environmental & Climate","Palaeoclimatology","Reconstructs past climates from geological records","Analyzes ice cores and sediments to validate current climate models","Provides 800,000-year climate context for understanding current warming rates","#4A90A4"
"Environmental & Climate","Carbon Capture & Storage","Identifies suitable rock formations for CO2 injection","Injects CO2 underground permanently in saline aquifers and depleted reservoirs","Removes gigatons of carbon from atmosphere to meet net-zero targets","#4A90A4"
"Environmental & Climate","Environmental Geochemistry","Tracks pollutant pathways in soil, water, and air","Maps contaminant spread from industrial sites before health impacts occur","Prevents population exposure to toxins through early detection and remediation","#4A90A4"
"Environmental & Climate","Contaminated Land Management","Remediates brownfield sites for safe reuse","Makes toxic urban land safe for housing and parks through soil treatment","Reclaims urban spaces instead of sprawling development into natural areas","#4A90A4"
"Environmental & Climate","Erosion Control","Designs natural slope stabilization techniques","Uses bioengineering to prevent soil loss on agricultural land and hillsides","Protects food production capacity and prevents reservoir sedimentation","#4A90A4"
"Environmental & Climate","Soil Science","Maps soil fertility, composition, and degradation","Guides sustainable farming practices to maintain soil health and productivity","Maintains food security for growing population while preventing land degradation","#4A90A4"
"Environmental & Climate","Oceanography","Monitors ocean acidification, warming, and circulation","Predicts fish migration patterns as oceans warm, tracks marine heatwaves","Helps fishing communities adapt to changing seas and protects marine ecosystems","#4A90A4"
"Environmental & Climate","GIS & Remote Sensing","Analyzes satellite imagery and spatial data","Detects illegal deforestation, mining, or pollution in real-time from space","Enables rapid environmental enforcement and natural resource monitoring globally","#4A90A4"
"Environmental & Climate","Marine Geology","Studies seafloor geology and submarine processes","Maps offshore renewable energy sites, underwater landslide hazards, and mineral resources","Enables sustainable ocean resource development and submarine hazard mitigation","#4A90A4"
"Environmental & Climate","Quaternary Geology","Studies the last 2.6 million years of Earth history","Reconstructs recent climate changes and landscape evolution relevant to human timescales","Provides context for current environmental changes and informs restoration ecology","#4A90A4"
"Applied & Society","Engineering Geology","Assesses ground stability for construction","Determines foundation requirements preventing building collapse on unstable ground","Ensures infrastructure safety as urbanization accelerates in geologically complex terrain","#9B59B6"
"Applied & Society","Medical Geology","Links geological factors to human and animal health","Identifies arsenic, radon, asbestos exposure from natural geological sources","Prevents cancers and respiratory diseases through mapping and early intervention","#9B59B6"
"Applied & Society","Forensic Geology","Analyzes soil and mineral evidence in criminal cases","Links suspects to crime scenes through unique geological fingerprints","Solves murders, trafficking cases, and war crimes through trace evidence","#9B59B6"
"Applied & Society","Urban Geology","Maps subsurface geology beneath cities","Prevents sinkholes, manages subsidence, and characterizes ground for tunnels","Keeps metro systems and buildings safe as cities grow and develop underground space","#9B59B6"
"Applied & Society","Geoarchaeology","Applies geological methods to archaeological sites","Reconstructs past environments showing how ancient societies adapted to climate","Reveals resilience strategies from past civilizations facing environmental change","#9B59B6"
"Applied & Society","Geohazard Risk Assessment","Models combined hazard risks (floods, earthquakes, landslides)","Creates risk maps integrating multiple hazards for comprehensive assessment","Informs building codes, insurance rates, and emergency preparedness plans","#9B59B6"
"Applied & Society","Geotourism","Develops sustainable geological heritage tourism","Generates income for communities while protecting geological sites","Funds conservation through tourism while educating public about Earth science","#9B59B6"
"Applied & Society","Geoscience Policy","Translates geological research for policy makers","Advises governments on resource management, hazard mitigation, and environmental policy","Ensures evidence-based decision-making on geological issues affecting society","#9B59B6"
"Emerging & Digital Fields","Digital Geosciences","Integrates digital technologies with geological workflows","Creates virtual 3D geological models, digital field mapping, and cloud-based data sharing","Accelerates geological research and makes data accessible globally in real-time","#00D4FF"
"Emerging & Digital Fields","Astrogeology","Studies geology of asteroids, moons, and planets","Identifies water ice and minerals on celestial bodies for space resource utilization","Enables long-term space missions and permanent human settlement beyond Earth","#00D4FF"
"Emerging & Digital Fields","Geomicrobiology","Studies microbes in extreme geological environments","Discovers organisms for bioremediation of oil spills and toxic waste","Cleans up environmental contamination naturally using microbial processes","#00D4FF"
"Emerging & Digital Fields","Nano-geoscience","Analyzes minerals and processes at nanometer scale","Improves mineral extraction efficiency at atomic level reducing waste","Minimizes mining environmental impact through precision extraction techniques","#00D4FF"
"Emerging & Digital Fields","Geoinformatics","Integrates AI and machine learning with geological data","Predicts mineral deposits using machine learning on exploration datasets","Accelerates resource discovery while reducing exploration environmental footprint","#00D4FF"
"Emerging & Digital Fields","Environmental DNA Analysis","Extracts ancient DNA from sediments","Reconstructs past ecosystems showing resilience to environmental changes","Informs conservation by revealing how ecosystems recovered from past disruptions","#00D4FF"
"Emerging & Digital Fields","Geohealth","Combines geology with public health data analytics","Maps disease clusters to geological and environmental factors","Prevents exposure to natural geological health hazards before outbreaks occur","#00D4FF"
"Emerging & Digital Fields","Climate Adaptation Planning","Uses geological data to model climate adaptation scenarios","Designs resilient infrastructure based on geological constraints and climate projections","Helps cities adapt to unavoidable climate impacts through geological understanding","#00D4FF"
"Emerging & Digital Fields","Geohazard AI Modeling","Trains AI on historical disaster data","Predicts cascading multi-hazard events (earthquake triggering landslides and tsunamis)","Provides earlier warnings for complex hazard chains saving more lives","#00D4FF"
"Emerging & Digital Fields","3D Geological Modeling","Creates three-dimensional subsurface visualizations","Models complex geological structures for resource exploration and hazard assessment","Improves decision-making by visualizing hidden geological relationships","#00D4FF"
"Emerging & Digital Fields","Geostatistics","Applies statistical methods to spatial geological data","Quantifies uncertainty in resource estimates and interpolates sparse data","Optimizes drilling locations and reduces exploration costs through data analysis","#00D4FF"
"Emerging & Digital Fields","Machine Learning in Geoscience","Applies neural networks to geological pattern recognition","Automates mineral identification, predicts earthquakes, classifies rock types from images","Accelerates geological analysis and discovers patterns invisible to human observers","#00D4FF"
